criteria,2.5%,50%,97.5%,edge_density
mcas_consortium,0.03459093071543219,0.04026445781257641,0.04629909676185903,0.040317811776108985
mcas_alternative,0.017917951733900473,0.0196718434075766,0.021586314347390997,0.0197058079340222
eular_acr_sle,0.03346727201033976,0.03880534075226182,0.04456729610725317,0.03884422440798265
slicc_sle,0.031238040469660396,0.036823346519887265,0.04281432868644228,0.036870110337331424
