criteria,2.5%,50%,97.5%,edge_density
mcas_consortium,0.07020199344466106,0.07983403266367155,0.08966880704133819,0.07968833884320872
mcas_alternative,0.0440159986118874,0.047584929765187856,0.052154100460042624,0.047773184858516934
eular_acr_sle,0.06710361111631655,0.07692314899836966,0.08652516725071678,0.07671607668234545
slicc_sle,0.07288151981729778,0.0847431539287293,0.09750277578985034,0.08479445999705319
