criteria,2.5%,50%,97.5%,edge_density
mcas_consortium,0.026785700901165603,0.030226112140888543,0.033814209829248494,0.030356156415904827
mcas_alternative,0.01401820263601186,0.01531667258666064,0.016908177193492312,0.0153514861875777
eular_acr_sle,0.020711853593083744,0.02362324844413497,0.026957840617315175,0.023676811288606776
slicc_sle,0.026685323342528523,0.031103879588629264,0.035564281568530275,0.031027796436265142
