criteria,2.5%,50%,97.5%,edge_density
mcas_consortium,0.027727983170821136,0.031041439621337825,0.03465399563056032,0.031009236613576904
mcas_alternative,0.011071469402949691,0.011884562659521238,0.012813378247924861,0.01190054802641915
eular_acr_sle,0.016722779322651884,0.018706984535109772,0.020985976085188186,0.01873763219647908
slicc_sle,0.017332654418502923,0.019511304927637543,0.022014325537829987,0.01949739930526824
